Month,Oil_USD_per_bbl,Oil_LogReturn,Aluminum_USD_per_mt,Aluminum_LogReturn,Copper_USD_per_mt,Copper_LogReturn,Nickel_USD_per_mt,Nickel_LogReturn,Zinc_USD_per_mt,Zinc_LogReturn,Gold_USD_per_troy_oz,Gold_LogReturn,Silver_USD_per_troy_oz,Silver_LogReturn,VIX_MonthlyAvg,Delta_VIX,TermSpread_MonthlyAvg,Lag_TermSpread,UNRATE,Delta_UNRATE,SP500_EOM,SP500_LogReturn,Broad_Dollar_Index,Broad_Dollar_LogReturn,OECD_Industrial_Production_Growth_MoM_pct,LME_Copper_Stocks_tonnes,LME_Copper_Stocks_LogChange
2016-03-01,37.34,0.1851106596532874,1531.01,-0.0001632775689630606,4953.8,0.07439870034913554,8717.25,0.0492290456311526,1801.69,0.0523194659417614,1245.14,0.03734317009625077,15.465,0.01945739106777333,15.84909090909091,-6.66790909090909,1.014090909090909,1.046,5.0,0.09999999999999964,2059.74,0.0639049849198825,111.8934,-0.0211198206505425,-0.474986449320902,168779.0,-0.25358109710168186
2016-04-01,40.75,0.0873907015732951,1571.23,0.02593110378927932,4872.74,-0.01649855161991098,8878.86,0.01836934917470145,1855.37,0.02935902377563515,1242.26,-0.002315672016532488,16.36,0.05625992503756816,14.30047619047619,-1.548614718614719,1.037142857142857,1.014090909090909,5.1,0.09999999999999964,2065.3,0.002695733067816342,110.0171,-0.01691082408910918,0.512059691509759,146874.0,-0.13901509047504668
2016-05-01,45.93666666667,0.1198077965321449,1550.63,-0.01319745215715962,4694.54,-0.0372562759258841,8660.35,-0.02491803292245187,1869.03,0.007335442622813382,1260.95,0.01493310374874834,16.947,0.03525149583663367,14.85285714285714,0.5523809523809504,0.99,1.037142857142857,4.8,-0.2999999999999998,2096.96,0.01521318255752835,111.1405,0.01015935841589451,-0.644810877774404,157081.0,0.06718651950777499
2016-06-01,47.68666666667,0.03738819779318137,1593.51,0.02727783038478115,4641.97,-0.0112612861896082,8928.35,0.03047646991747754,2026.19,0.08073760256933582,1276.4,0.01217821029587274,17.286,0.01980609831921187,17.77454545454546,2.921688311688316,0.9127272727272728,0.99,4.9,0.1000000000000005,2098.86,0.0009056633172388473,111.5596,0.003763810566379338,0.337873508139563,191155.0,0.1963230213958962
2016-07-01,44.12666666667,-0.07758754798945544,1629.05,0.02205789247621137,4864.9,0.04690731534234871,10262.86,0.1392999459555124,2183.25,0.07465741003339943,1336.66,0.04613034968480623,19.992,0.1454352682022044,13.1585,-4.616045454545457,0.8314999999999999,0.9127272727272728,4.8,-0.1000000000000005,2173.6,0.0349904389437663,112.4773,0.008192446268483398,-0.008415704464515,219146.0,0.1366535570913836
2016-08-01,44.87666666667,0.01685370030036548,1639.28,0.006260098220471022,4751.67,-0.02355002523760596,10335.99,0.007100426212488742,2279.14,0.04298358651702117,1340.17,0.002622506480935094,19.587,-0.02046611266004517,12.3995652173913,-0.7589347826086961,0.8191304347826087,0.8314999999999999,4.9,0.1000000000000005,2170.95,-0.001219919360414323,111.4384,-0.009279451640136757,0.374245486614355,225034.0,0.026513327539735343
2016-09-01,45.04333333333,0.003707003058702973,1592.36,-0.02903992853466519,4722.2,-0.006221342503796023,10191.78,-0.0140504665079817,2292.31,0.005761863931997624,1326.61,-0.01016965543954651,19.357,-0.01181196970919718,14.21952380952381,1.819958592132506,0.8595238095238096,0.8191304347826087,5.0,0.09999999999999964,2168.27,-0.001235245201105073,112.3169,0.007852368314836457,-0.0559901401169904,348949.0,0.43867427781957957
2016-10-01,49.29333333333,0.09016385601844279,1665.9,0.04514832542175906,4731.26,0.001916759107002619,10259.74,0.006645985251390485,2311.5,0.0083366216854186,1266.55,-0.04633014758902476,17.655,-0.09203508178305908,14.5852380952381,0.3657142857142865,0.9215,0.8595238095238096,4.9,-0.09999999999999964,2126.15,-0.01961678210468865,113.4747,0.01025556440338144,0.231476089232419,347471.0,-0.004244571433956068
2016-11-01,45.26,-0.08536520519486235,1737.11,0.04185729489660783,5450.93,0.1415946845115332,11128.91,0.08131872868769996,2566.2,0.1045295410326377,1238.35,-0.02251682019787804,17.407,-0.01414660520977762,15.23619047619048,0.6509523809523792,1.1625,0.9215,4.7,-0.2000000000000002,2198.81,0.03360347246547146,116.1075,0.0229365815156894,0.674121062597566,267011.0,-0.2633913522315332
2016-12-01,52.62,0.1506726354067554,1727.74,-0.005408616731928717,5660.35,0.03769949143980256,10972.27,-0.01417504611271525,2664.81,0.03770655503834952,1157.36,-0.06763829902204588,16.432,-0.05764177098436996,12.47238095238095,-2.763809523809522,1.295238095238095,1.1625,4.7,0.0,2238.83,0.01803710305175699,117.9048,0.01536103308219526,0.0519709580434125,285213.0,0.06594641349550834
2017-01-01,53.59,0.01826620789461231,1791.24,0.03609392135279865,5754.56,0.01650685623562964,9971.46,-0.09564416829540079,2714.8,0.01858552533033642,1192.1,0.02957490840262089,16.902,0.02820130493608852,11.6085,-0.8638809523809545,1.226,1.295238095238095,4.7,0.0,2278.87,0.01772629809301041,117.7858,-0.001009798524947127,0.0345987880497667,281643.0,-0.012595958058756906
2017-02-01,54.35333333333,0.01414345905983483,1860.75,0.03807151480687132,5940.91,0.03186973629934187,10643.3,0.0652035736322425,2845.55,0.04703808466348391,1234.2,0.0347065291630102,17.933,0.05921063284399652,11.53052631578947,-0.07797368421052475,1.217894736842105,1.226,4.6,-0.1000000000000005,2363.64,0.03652309760943506,116.1204,-0.0142401367949787,-0.0110670464924079,236580.0,-0.1743538943726488
2017-03-01,50.90333333333,-0.06557753326967886,1901.47,0.02164763898569166,5824.63,-0.01976684217301461,10204.66,-0.04208610749743791,2776.88,-0.02442837521934571,1231.42,-0.002255011865609724,17.631,-0.01698387466766427,11.89782608695652,0.3672997711670458,1.168695652173913,1.217894736842105,4.4,-0.1999999999999993,2362.72,-0.0003893059401400834,115.6558,-0.004009045124315974,0.50009269811071,297658.0,0.22965875932539426
2017-04-01,52.16333333333,0.02445141220999192,1921.22,0.01033312967108824,5683.9,-0.02445786128512495,9609.28,-0.0601151804861999,2614.92,-0.060094490976911,1266.88,0.02838920989640936,18.033,0.02254469642651191,13.13631578947368,1.238489702517164,1.056315789473684,1.168695652173913,4.4,0.0,2384.2,0.009050140558438002,114.7698,-0.007690155663154084,0.654420417629464,265794.0,-0.11322360378205332
2017-05-01,49.89333333333,-0.04449242820924937,1913.02,-0.004277255728134755,5599.56,-0.01494959361026105,9155.12,-0.04841601258706518,2590.21,-0.00949455080905981,1246.04,-0.01658666235691708,16.745,-0.07410370647896691,10.86227272727273,-2.274043062200958,1.001818181818182,1.056315789473684,4.4,0.0,2411.8,0.01150971838559123,114.2591,-0.004459706582371748,0.163198119011332,325394.0,0.20231518310951024
2017-06-01,46.16666666667,-0.07762935633830192,1885.29,-0.01460148996581445,5719.76,0.02123882324384851,8931.76,-0.02469982169717611,2573.4,-0.006510971736881643,1260.26,0.01134752630395486,16.931,0.01104655489992679,10.51363636363636,-0.3486363636363627,0.8445454545454546,1.001818181818182,4.3,-0.1000000000000005,2423.41,0.004802282553352022,112.7603,-0.01320434973273399,0.140193633126162,272139.0,-0.17872379059374133
2017-07-01,47.65666666667,0.03176449241367729,1902.96,0.009328913429402341,5985.12,0.04534954246476453,9491.39,0.06077160792967184,2787.19,0.07980593807077785,1236.84,-0.01875830902810183,16.152,-0.04710238013555834,10.2645,-0.2491363636363637,0.9455,0.8445454545454546,4.3,0.0,2470.3,0.01916396151369337,111.0606,-0.01518832847627597,0.0499591714341996,306830.0,0.1199808831082585
2017-08-01,49.94333333333,0.04686650001384374,2030.01,0.0646301504998208,6485.63,0.08031257137858283,10889.98,0.1374580285313449,2980.73,0.06713431712135609,1283.04,0.036672522222017,16.952,0.04834193995546165,11.97565217391304,1.711152173913044,0.8739130434782609,0.9455,4.4,0.1000000000000005,2471.65,0.0005463430563157345,109.9059,-0.0104514531470974,0.553092501655694,271516.0,-0.12227277878734633
2017-09-01,52.95,0.05845904266053914,2096.49,0.03222379861284796,6577.17,0.01401560132324242,11215.79,0.02947950646856512,3116.86,0.04465784783325066,1314.07,0.02389692901744311,17.432,0.02792177667632068,10.438,-1.537652173913045,0.8175000000000001,0.8739130434782609,4.3,-0.1000000000000005,2519.36,0.01911895720324885,108.8542,-0.009615172991743746,-0.224334308128116,266687.0,-0.017945383404677884
2017-10-01,54.92,0.03652950885235429,2131.49,0.01655674791755235,6807.6,0.03443507350231023,11335.77,0.01064060597440886,3264.6,0.04631115894366111,1279.51,-0.02665199895390913,16.941,-0.02857087828350924,10.12545454545455,-0.3125454545454538,0.8104761904761905,0.8175000000000001,4.2,-0.09999999999999964,2575.26,0.02194559887830483,110.8892,0.01852213243736161,0.517375871652326,286882.0,0.0729952952956392
2017-11-01,59.93333333333,0.08735525246958442,2097.44,-0.01610371221297502,6826.55,0.002779786375029403,11972.0,0.05460737715158714,3229.31,-0.01086875161474588,1281.9,0.001866160195836741,16.977,0.00212276746968687,10.54047619047619,0.4150216450216444,0.6566666666666666,0.8104761904761905,4.2,0.0,2647.58,0.02769551533064885,111.1635,0.002470585942189064,0.893284957738816,242043.0,-0.16995558506575215
2017-12-01,61.18666666667,0.02069646748922338,2080.47,-0.008123723741137567,6833.89,0.00107463605950997,11495.11,-0.04064886244310273,3195.95,-0.01038410889709596,1264.45,-0.01370610731052846,16.165,-0.04901107565109974,10.2645,-0.2759761904761895,0.5585,0.6566666666666666,4.1,-0.1000000000000005,2673.61,0.009783603904362614,110.8758,-0.002591434588425518,0.444609781754091,195645.0,-0.2128136038324655
2018-01-01,66.22666666667,0.07915390071251238,2209.73,0.06027650639413551,7065.85,0.03337926272092773,12864.88,0.1125793905097421,3441.52,0.07402885103287815,1331.3,0.05151866343031042,17.127,0.05780775447283526,11.06238095238095,0.797880952380952,0.5519047619047619,0.5585,4.0,-0.09999999999999964,2823.81,0.05465741778702515,108.3568,-0.02298117034777658,-0.87379824535021,232620.0,0.17310442842053675
2018-02-01,63.46,-0.04267341541604086,2181.79,-0.01272469532087328,7006.52,-0.00843217617753389,13595.88,0.05526568761249706,3532.9,0.02620582916055803,1330.73,-0.0004282446168604181,16.582,-0.03233839595620491,22.46473684210526,11.40235588972431,0.6836842105263158,0.5519047619047619,4.1,0.09999999999999964,2713.83,-0.03972611563592121,107.6501,-0.006543332842209925,0.203008723378106,324908.0,0.3341358444219331
2018-03-01,64.16666666667,0.01107407890473144,2069.24,-0.0529642506966379,6799.18,-0.03003912744089732,13392.5,-0.01507195689661067,3269.18,-0.07757987448290571,1324.66,-0.004571841102654517,16.473,-0.006595092729181573,19.02380952380953,-3.440927318295739,0.5666666666666667,0.6836842105263158,4.0,-0.09999999999999964,2640.87,-0.02725251295379216,107.9472,0.002756065943885192,0.459548580922631,330913.0,0.018313435616628126
2018-04-01,68.79333333333,0.06962297595962941,2254.69,0.08583110111779835,6851.51,0.007667049262041203,13938.1,0.03993124884811827,3188.05,-0.02512974431720494,1334.76,0.007595677673581491,16.648,0.01056741212648804,18.26761904761905,-0.7561904761904792,0.4847619047619047,0.5666666666666667,4.0,0.0,2648.05,0.002715111747129129,107.9434,-3.520301486387225e-05,0.052767899310413,358606.0,0.08036879181612733
2018-05-01,73.43,0.06522573044410862,2299.67,0.01975314315959675,6825.27,-0.003837165209370497,14366.49,0.03027231376112915,3059.87,-0.04103701321757924,1303.45,-0.02373690502028492,16.49,-0.009535952519825752,14.12454545454545,-4.143073593073591,0.4659090909090909,0.4847619047619047,3.8,-0.2000000000000002,2705.27,0.02137820240263721,111.047,0.02834651944202711,0.140115081916758,299879.0,-0.17884523280348041
2018-06-01,71.97666666667,-0.01999057904484225,2237.62,-0.02735283336656114,6965.86,0.02038917339676161,15105.65,0.05017043463912962,3088.57,0.009335769219250167,1281.57,-0.01692870657123624,16.541,0.00308801068857667,13.67809523809524,-0.4464502164502164,0.379047619047619,0.4659090909090909,4.0,0.2000000000000002,2718.37,0.004830713496802197,112.8444,0.01605634352102103,0.263460204688259,302627.0,0.00912196411360533
2018-07-01,72.66666666667,0.00954078170234851,2082.24,-0.07196856368920113,6250.75,-0.1083196175759671,13793.86,-0.0908452804040536,2656.13,-0.1508380244214385,1237.71,-0.03482299078477613,15.723,-0.0507175387719454,13.14761904761905,-0.5304761904761897,0.2823809523809523,0.379047619047619,3.8,-0.2000000000000002,2816.29,0.03538797997679932,113.0595,0.001904350168420422,-0.23484087449871,263864.0,-0.13706720518067073
2018-08-01,71.08333333333,-0.02202987641739274,2051.51,-0.01486812995417175,6051.05,-0.0324696458458309,13411.35,-0.02812220224977402,2512.0,-0.05579092759356197,1201.71,-0.02951735558853219,14.987,-0.04794144982527992,12.54695652173913,-0.600662525879919,0.2534782608695652,0.2823809523809523,3.8,0.0,2901.52,0.02981432166319475,113.8316,0.006805934480035344,0.554376422259106,257964.0,-0.022613778593036926
2018-09-01,75.36333333333,0.05846796371643848,2026.46,-0.01228567894422472,6050.76,-4.792671510500668e-05,12510.35,-0.06954506166216845,2434.68,-0.03126391754513058,1198.39,-0.002766553158247476,14.272,-0.04888358282520544,12.91052631578947,0.3635697940503437,0.2363157894736842,0.2534782608695652,3.7,-0.09999999999999964,2913.98,0.004285106720321785,114.0787,0.002168397802301783,-0.608601524063279,229043.0,-0.11891028144912319
2018-10-01,76.72666666667,0.01792846145220839,2029.86,0.001676396732138485,6219.59,0.02752010419184359,12314.91,-0.01574557832034174,2673.67,0.0936367293824194,1215.39,0.01408602365459366,14.597,0.02251645231078747,19.35217391304348,6.441647597254006,0.2913636363636364,0.2363157894736842,3.8,0.09999999999999964,2711.74,-0.07192934905566073,114.8313,0.006575533718220603,0.564709364013138,165573.0,-0.32449757367301046
2018-11-01,62.31666666667,-0.2080204101172125,1938.51,-0.04604718841487809,6195.92,-0.003812977264368911,11239.72,-0.091356790261786,2595.69,-0.02959968321569573,1220.65,0.004318490808553399,14.353,-0.0168570485591979,19.38904761904762,0.03687370600414042,0.258,0.2913636363636364,3.8,0.0,2760.17,0.01770177675929485,116.169,0.01158193260660438,-0.701204283004586,155814.0,-0.06074919698695247
2018-12-01,53.96,-0.1439858814155115,1920.38,-0.009396553619908765,6075.32,-0.019656348178966,10835.08,-0.03666491468270117,2616.29,0.007904906492417929,1250.4,0.02407999637525915,14.772,0.02877451740107384,24.95315789473684,5.564110275689224,0.1563157894736842,0.258,3.9,0.1000000000000001,2506.85,-0.0962652871180758,116.2118,0.0003683609014511629,-0.114887270941988,126275.0,-0.21020091983879574
2019-01-01,56.58333333333,0.0474714464310817,1853.72,-0.03532865219638825,5939.1,-0.02267705599300029,11523.09,0.06156383002686994,2569.7,-0.01796812314399876,1291.75,0.03253438806002684,15.624,0.05607469658406083,19.57238095238095,-5.380776942355894,0.1704761904761905,0.1563157894736842,4.0,0.1000000000000001,2704.1,0.07574215482837587,114.4425,-0.01534187486354771,-0.0621483948285539,138818.0,0.09470165430759359
2019-02-01,61.13333333333,0.07734279338356309,1862.99,0.004988292991469301,6300.49,0.05906980140727214,12685.23,0.09608547607102658,2707.19,0.05212203599355281,1320.07,0.02168687731009555,15.815,0.01215066318323421,15.23473684210526,-4.337644110275688,0.1721052631578947,0.1704761904761905,3.8,-0.2000000000000002,2784.49,0.02929559298669293,114.413,-0.0002578045986518781,-0.301627115404191,142336.0,0.025026737086298212
2019-03-01,63.78666666667,0.04248691094000989,1871.21,0.004402556519206513,6439.46,0.02181727751816886,13026.27,0.02652976314618449,2850.6,0.05161830186927663,1300.9,-0.01462843286987603,15.296,-0.03336750044856673,14.4852380952381,-0.7494987468671663,0.1614285714285714,0.1721052631578947,3.8,0.0,2834.4,0.01776554183702039,114.7835,0.003233036479367343,0.125640035522689,149630.0,0.049975120447319554
2019-04-01,68.57666666667,0.07240815872386808,1845.42,-0.01387838657538332,6438.36,-0.0001708363686834247,12772.79,-0.01965096068921035,2932.65,0.02837695269367746,1285.91,-0.0115896937068749,15.055,-0.01588119437534807,12.94904761904762,-1.536190476190477,0.1876190476190476,0.1614285714285714,3.7,-0.09999999999999964,2945.83,0.03856033644308976,114.9037,0.001046640918369204,0.0397935343234179,193469.0,0.2569517127216958
2019-05-01,66.83333333333,-0.02575038273961372,1781.26,-0.03538591480818898,6017.9,-0.06753548804664078,12016.31,-0.06105223337165455,2742.81,-0.06692350880175546,1283.7,-0.00172010580975801,14.662,-0.02645104913230245,16.72181818181818,3.772770562770564,0.1886363636363637,0.1876190476190476,3.6,-0.1000000000000001,2752.06,-0.06804088885320425,115.9574,0.009128496026477154,0.351437681549682,204038.0,0.05318895809005397
2019-06-01,59.76,-0.1118654172539024,1755.95,-0.01431095805071436,5882.23,-0.02280241954010798,11943.94,-0.006040856842206566,2601.22,-0.05300237658838025,1359.04,0.05703203503402587,15.036,0.02518821290053674,15.836,-0.8858181818181805,0.26,0.1886363636363637,3.6,0.0,2941.76,0.06665831953424206,115.4271,-0.004583720417645773,-0.692757902602292,232438.0,0.13031727179178887
2019-07-01,61.47666666667,0.02832115820209768,1796.99,0.02310302195222746,5941.2,0.009975191459773214,13546.3,0.1258894105251276,2446.51,-0.0613180465317491,1412.89,0.03885868398007908,15.791,0.04899283178257452,13.30590909090909,-2.530090909090911,0.2240909090909091,0.26,3.7,0.1000000000000001,2980.38,0.01304276747301003,115.0776,-0.00303247845125308,0.0845816178820513,287667.0,0.21318003836433164
2019-08-01,57.67,-0.06392059139933792,1740.68,-0.03183720147575375,5709.44,-0.03979018787001287,15748.64,0.1506405650303186,2273.01,-0.07355757487779435,1500.41,0.06010115196989929,17.224,0.08686360257755599,18.97909090909091,5.673181818181819,0.055,0.2240909090909091,3.6,-0.1000000000000001,2926.46,-0.0182573077148751,117.1004,0.01742500307317136,-0.172081772612298,304842.0,0.05799004843198574
2019-09-01,60.04,0.04027389913793922,1753.51,0.007343651981877031,5759.25,0.00868631259339736,17656.88,0.1143714967890919,2331.56,0.02543262710800231,1510.58,0.006755278944540422,18.16,0.05291761311108534,15.559,-3.420090909090909,0.0515,0.055,3.5,-0.1000000000000001,2976.74,0.01703524052367822,117.3239,0.001906799488946605,0.365732407715025,298183.0,-0.0220862176085852
2019-10-01,57.27333333333,-0.0471758782235181,1725.96,-0.01583607604012727,5757.3,-0.0003386430864509293,17046.22,-0.03519703085559023,2451.65,0.05022369582485631,1494.81,-0.01049457457229863,17.645,-0.02876891604591414,15.46652173913044,-0.09247826086956579,0.1554545454545455,0.0515,3.6,0.1000000000000001,3037.56,0.02022581958293124,116.7463,-0.004935281572650529,-0.794882632729477,272061.0,-0.09168108612828973
2019-11-01,60.40333333333,0.0532091625141593,1774.79,0.02789868864739908,5859.95,0.01767245631913816,15171.81,-0.1164893775910603,2425.48,-0.01073182431904396,1470.79,-0.01619943706406435,17.165,-0.02758003021757771,12.5235,-2.943021739130435,0.1994736842105263,0.1554545454545455,3.6,0.0,3140.98,0.03348029157932331,116.5595,-0.001601332156483541,-0.0605352164923634,227171.0,-0.18032326800316945
2019-12-01,63.35333333333,0.04768323205910452,1771.38,-0.001923202244138444,6077.06,0.03637995526790938,13829.42,-0.09264089369851547,2272.54,-0.06513129427184339,1479.13,0.005654405692859577,17.138,-0.00157420666272845,13.75666666666667,1.233166666666666,0.2495238095238095,0.1994736842105263,3.6,0.0,3230.78,0.02818874101228808,115.9096,-0.005591295300136767,-0.346122948841643,172906.0,-0.27295494362803474
2020-01-01,61.62666666667,-0.02763284581693704,1773.09,0.0009648834001509954,6031.21,-0.007573372438407944,13506.86,-0.02360050245192902,2354.31,0.03534954223202469,1560.67,0.05366113914392834,17.972,0.0475167709609865,13.94095238095238,0.1842857142857142,0.2385714285714286,0.2495238095238095,3.6,0.0,3225.52,-0.00162941658961735,115.2794,-0.005451829982596378,0.436220746955751,154578.0,-0.11204927091646333
2020-02-01,53.34666666667,-0.1442831819770825,1688.1,-0.04912015109986712,5687.75,-0.05863291460382669,12715.55,-0.06037205059355877,2113.24,-0.1080253761388779,1597.1,0.02307426844241345,17.88,-0.005132221462545328,19.62894736842105,5.687994987468672,0.1731578947368421,0.2385714285714286,3.5,-0.1000000000000001,2954.22,-0.0878595209362043,116.7105,0.01233776257934866,-0.133544475060299,176033.0,0.12997265415158132
2020-03-01,32.20333333333,-0.5047415284597818,1610.89,-0.04681681483266686,5182.63,-0.09300208992308079,11846.23,-0.07081598043256498,1903.63,-0.1044597250139088,1591.93,-0.003242368073883561,14.884,-0.1833959592609919,57.73681818181819,38.10787081339713,0.4218181818181819,0.1731578947368421,4.4,0.9000000000000004,2584.59,-0.133667768592967,121.0227,0.03628162176910109,-5.83852385716485,211261.0,0.1824228584253298
2020-04-01,21.04333333333,-0.4254861631499391,1459.93,-0.09839833192718128,5057.97,-0.02434743239982495,11804.01,-0.003570369252074101,1903.37,-0.0001365904914134575,1683.17,0.05573180360225916,15.065,0.0120873620978883,41.45380952380953,-16.28300865800866,0.4328571428571428,0.4218181818181819,14.8,10.4,2912.43,0.1194208962374059,123.2803,0.01848249318642297,-14.920095693601,250223.0,0.16925818437911389
2020-05-01,30.38,0.3672006934563607,1466.37,0.004401469703587679,5239.83,0.03532383802650152,12179.61,0.03132393781389098,1975.32,0.03710441128226893,1715.91,0.01926463192940009,16.256,0.07608789881380673,30.897,-10.55680952380952,0.5035000000000001,0.4328571428571428,13.2,-1.600000000000001,3044.31,0.04428649023053044,122.615,-0.005411259372806288,3.85413167442969,259333.0,0.03576042989574546
2020-06-01,39.45666666667,0.2614185261301505,1568.57,0.06737441720989867,5754.6,0.09371047992124026,12727.15,0.0439742648426229,2025.71,0.02518984584571982,1732.22,0.009460270721104003,17.713,0.08583676187438849,31.11954545454546,0.2225454545454539,0.5436363636363637,0.5035000000000001,11.0,-2.199999999999999,3100.29,0.01822138100406256,119.6766,-0.0242562603891311,8.0743705588344,237270.0,-0.08891421696297641
2020-07-01,42.06666666667,0.06405263814130491,1643.81,0.04685234190005616,6372.46,0.1019860452972488,13402.3,0.05168882711184608,2177.2,0.07211939118733124,1846.51,0.06389354808804182,20.647,0.1532711971322827,26.84045454545454,-4.279090909090911,0.4754545454545455,0.5436363636363637,10.2,-0.8000000000000007,3271.12,0.05363677840924908,118.69,-0.008278052663298313,4.38660143310101,165579.0,-0.359750310883749
2020-08-01,43.44333333333,0.03220174543535981,1737.26,0.05529244124074939,6498.94,0.01965350640295505,14537.75,0.08132238058233021,2410.05,0.1016078465974086,1968.63,0.06404049840613357,27.003,0.2683779405403155,22.88952380952381,-3.950930735930736,0.5104761904761905,0.4754545454545455,8.4,-1.799999999999999,3500.31,0.06771910208965437,116.9453,-0.0148087479603685,1.81589086674483,109053.0,-0.4176144197300822
2020-09-01,40.59666666667,-0.0677714454434506,1743.77,0.003740276636164275,6704.9,0.03119951569929391,14857.49,0.02175540059623415,2442.46,0.01335823396212987,1921.92,-0.02401318298040778,25.742,-0.04782407171587177,27.64761904761905,4.75809523809524,0.5447619047619048,0.5104761904761905,7.8,-0.6000000000000005,3363.0,-0.04001810324358956,116.3431,-0.005162719942952734,1.04190209754906,86289.0,-0.2341318749609087
2020-10-01,39.9,-0.01730963753517356,1806.1,0.03512038839166642,6713.81,0.001327996701540712,15239.36,0.02537743942833082,2440.65,-0.0007413308661456952,1900.27,-0.01132870503321737,24.23,-0.06053236439875187,29.43863636363636,1.791017316017314,0.6376190476190476,0.5447619047619048,6.9,-0.8999999999999995,3269.96,-0.02805568033968875,115.7798,-0.004853472929787139,1.47138482107081,169103.0,0.6728058691041365
2020-11-01,42.30333333333,0.05848956125806692,1935.28,0.06908219440819519,7068.91,0.05153969638169542,15807.73,0.03661750627409432,2671.6,0.09041314659804289,1866.3,-0.0180381201326103,24.079,-0.006251443489337927,24.9955,-4.443136363636363,0.7042105263157895,0.6376190476190476,6.7,-0.2000000000000002,3621.63,0.1021464483184022,114.0984,-0.01462887725262455,0.559808620746449,162881.0,-0.03748812389632583
2020-12-01,48.72666666667,0.1413605652303196,2014.67,0.0402033914187605,7772.24,0.09485211565820428,16823.04,0.06225031453126384,2779.85,0.03971942554294738,1858.42,-0.00423119684503348,24.968,0.03625491362938194,22.37409090909091,-2.62140909090909,0.7977272727272727,0.7042105263157895,6.7,0.0,3756.07,0.03644899728321604,111.8992,-0.01946276793075044,0.351459792673436,134469.0,-0.1916861836273398
2021-01-01,53.60333333333,0.09538480481355682,2003.98,-0.005320207141538802,7972.15,0.02539580690826604,17863.18,0.0599922356794238,2705.34,-0.02716937185175627,1866.98,0.004595487767504736,25.88,0.03587546466422165,24.91,2.53590909090909,0.9500000000000001,0.7977272727272727,6.4,-0.2999999999999998,3714.24,-0.01119911682194186,111.4873,-0.003687782984299112,0.908852337543453,94604.0,-0.35163393074314975
2021-02-01,60.46333333333,0.1204258655039525,2078.59,0.03655457609728074,8470.94,0.06068726440628147,18584.38,0.03957983184517921,2744.5,0.01437131144727211,1808.17,-0.03200686803097863,27.293,0.05315978942307353,23.14052631578948,-1.769473684210524,1.142631578947368,0.9500000000000001,6.2,-0.2000000000000002,3811.15,0.02575689966712602,112.0171,0.004740855144705104,-1.4447365958963,75339.0,-0.22770182944787898
2021-03-01,63.83,0.05418617856625207,2190.48,0.05243091866441674,8988.25,0.05927668636521233,16406.66,-0.1246340930001697,2791.94,0.01713778569005964,1718.23,-0.05102059289634919,25.648,-0.06216466318857616,21.84304347826087,-1.297482837528605,1.463913043478261,1.142631578947368,6.1,-0.1000000000000005,3972.89,0.04156280869744222,113.3366,0.01171061384378293,1.60777826308243,102630.0,0.30913235864348465
2021-04-01,62.95,-0.01388253877760981,2319.39,0.05718352217671629,9324.82,0.03676149359399261,16521.25,0.006960081134048224,2829.01,0.01319013243327305,1760.04,0.02404184486243732,25.687,0.001519431479621414,17.41619047619048,-4.426853002070395,1.471818181818182,1.463913043478261,6.1,0.0,4181.17,0.05109732211429474,112.6323,-0.00623362135799558,0.320192512074491,157300.0,0.4270245224066098
2021-05-01,66.4,0.05335629599203262,2433.53,0.04803865806681795,10161.97,0.08597265859789971,17577.06,0.06194721168685646,2965.73,0.04719638074844923,1850.26,0.04998963369135012,27.504,0.06834642129367463,19.7605,2.344309523809525,1.466,1.471818181818182,5.8,-0.2999999999999998,4204.11,0.005471506552021665,111.2123,-0.01268754348785246,-0.533117458693855,123245.0,-0.24398056591565265
2021-06-01,71.80333333333,0.07823384374946407,2446.65,0.005376863807883048,9631.5,-0.0536133440723372,17979.57,0.0226414705191349,2951.85,-0.004691115440517812,1834.57,-0.00851604813454454,26.995,-0.01867978497024314,16.95681818181818,-2.803681818181818,1.316363636363636,1.466,5.9,0.1000000000000005,4297.5,0.02197084004586181,111.5777,0.003280221981575034,0.840191076812724,154206.0,0.22411512672949208
2021-07-01,73.28333333333,0.02040230672681176,2497.64,0.02062654407953346,9450.82,-0.01893746669216689,18818.51,0.04560484663258535,2947.52,-0.001467953621337337,1807.84,-0.01467735914253332,25.677,-0.05005601410266802,17.60333333333334,0.6465151515151533,1.099047619047619,1.316363636363636,5.4,-0.5,4395.26,0.02249322924674324,113.0633,0.0132266296710834,0.261594321040248,221994.0,0.36436098360194435
2021-08-01,68.86666666667,-0.06216093894118746,2602.99,0.04131449825841216,9370.14,-0.008573472787171355,19141.3,0.01700734437501517,2987.95,0.01362339471175744,1785.28,-0.01255749680377249,23.986,-0.06812532275805294,17.47272727272727,-0.1306060606060626,1.065909090909091,1.099047619047619,5.1,-0.3000000000000007,4522.68,0.02857805096868837,113.4025,0.002995598043094841,-0.712542502895208,242971.0,0.0902917401749761
2021-09-01,72.8,0.05554368718516312,2834.56,0.0852259380286835,9324.71,-0.004860171590159723,19376.88,0.01223229848667984,3036.02,0.01595991359747728,1775.14,-0.005695972618541489,23.185,-0.03396480896610532,19.8247619047619,2.352034632034631,1.133809523809524,1.065909090909091,4.7,-0.3999999999999995,4307.54,-0.04873776298462218,113.4438,0.0003641232010952402,-1.10800731363606,235509.0,-0.031192965368244785
2021-10-01,82.06333333333,0.1197753516704143,2934.39,0.0346128729098707,9829.22,0.05269171622836311,19362.39,-0.0007480781478719223,3359.91,0.1013667407751146,1776.85,0.0009628406229218456,23.413,0.00978590581193206,17.87142857142857,-1.95333333333333,1.19,1.133809523809524,4.5,-0.2000000000000002,4605.38,0.06685820979817336,114.0635,0.005447750754547374,1.42385026616865,181564.0,-0.26014092065674355
2021-11-01,79.91666666667,-0.02650688177757488,2636.45,-0.1070662799502706,9728.9,-0.01025874468714427,19932.86,0.02903710154486383,3311.27,-0.01458238630108077,1821.76,0.02496093310117242,24.175,0.03202761768400197,18.50047619047619,0.6290476190476149,1.0515,1.19,4.1,-0.4000000000000004,4567.0,-0.008368651100987279,114.9898,0.008088117915716961,1.33312055623214,100600.0,-0.5904559509643654
2021-12-01,72.86666666667,-0.0923531380211049,2695.53,0.02216153023595613,9551.18,-0.01843613032266767,20015.55,0.004139845270300313,3399.21,0.02621125008180947,1790.43,-0.01734725231326539,22.532,-0.0703825203068904,21.35454545454546,2.854069264069267,0.785,1.0515,3.9,-0.1999999999999997,4766.18,0.04268861128044676,115.8045,0.00705999571010337,0.28189924140456,84544.0,-0.17388014876577884
2022-01-01,83.92,0.1412326770136669,3005.98,0.1090087924405054,9782.34,0.0239140121622583,22355.4,0.1105584311572159,3599.14,0.05715187635186858,1816.02,0.01419147886700145,23.158,0.02740377215761391,23.181,1.826454545454546,0.7835,0.785,4.0,0.1000000000000001,4515.55,-0.05401814986501918,115.0373,-0.006647000887535508,-0.329276284970514,90478.0,0.06783461833125237
2022-02-01,93.54333333333,0.1085608229535424,3245.79,0.07675513404164214,9943.17,0.0163071640758865,24015.55,0.07163363459257077,3620.04,0.005790147465708273,1856.3,0.02193796589872488,23.542,0.01644576680020737,25.74842105263158,2.567421052631577,0.4989473684210526,0.7835,3.9,-0.1000000000000001,4373.94,-0.03186279087892352,114.9977,-0.0003442954367047512,0.626870002917235,76775.0,-0.16422766090422591
2022-03-01,112.39666666667,0.1836094939877784,3498.37,0.07493837374072854,10230.89,0.0285256918945489,33924.18,0.3454264972562164,3962.21,0.09031687490490192,1947.83,0.04813067318530262,25.314,0.07257154237996799,26.96869565217391,1.220274599542336,0.2182608695652174,0.4989473684210526,3.7,-0.1999999999999997,4530.41,0.03514823838626846,116.2908,0.0111818224713827,-0.293526628048724,77259.0,0.006284347519173394
2022-04-01,103.41333333333,-0.0833003782031625,3244.41,-0.07536363028776805,10161.38,-0.006817315503454324,33132.74,-0.0236061170740367,4360.43,0.09576872594585062,1936.86,-0.005647827322143861,24.545,-0.03084943486024105,24.3735,-2.595195652173913,0.2095,0.2182608695652174,3.7,0.0,4131.93,-0.09206783296043497,117.1688,0.007521679463587609,0.255565949968806,118741.0,0.42978123672283886
2022-05-01,110.09666666667,0.062624864937038,2830.32,-0.1365437359756188,9377.15,-0.08031838080142961,28062.55,-0.1660859701513306,3751.48,-0.1504202475625593,1848.5,-0.04669360570165004,21.905,-0.1137932462441538,29.31363636363636,4.940136363636363,0.2814285714285714,0.2095,3.6,-0.1000000000000001,4132.15,5.324246620297401e-05,119.6962,0.02134123593004788,-0.386985116247474,168371.0,0.34922522738352235
2022-06-01,116.8,0.05910430263088884,2563.44,-0.0990396730002745,9024.46,-0.03833721026312098,25658.63,-0.08955597996694742,3629.73,-0.03299216344345268,1836.57,-0.006474797861873327,21.556,-0.01606072119461155,28.23318181818182,-1.080454545454543,0.1452380952380952,0.2814285714285714,3.6,0.0,3785.38,-0.08765157448017291,120.0257,0.002749020490040474,0.45814183889632,121468.0,-0.326519024346565
2022-07-01,105.08333333333,-0.1057093842172394,2408.42,-0.06237917562534268,7544.81,-0.1790787589709772,21481.89,-0.177669712674442,3105.36,-0.1560286146514596,1732.74,-0.05819573090636343,19.075,-0.1222756229007298,24.99523809523809,-3.237943722943726,-0.14,0.1452380952380952,3.5,-0.1000000000000001,4130.29,0.08720134427422366,122.7512,0.02245365607595299,-0.303445792692991,132827.0,0.08939667602415113
2022-08-01,95.97333333333,-0.09068331107425642,2430.79,0.009245376556554774,7981.84,0.05630905166131761,22057.39,0.02643743853911396,3587.57,0.1443454423968316,1764.56,0.01819739689588307,19.724,0.03345759119135883,22.1695652173913,-2.825672877846792,-0.3521739130434782,-0.14,3.6,0.1000000000000001,3955.0,-0.04336702120583702,122.3177,-0.003537784289539993,0.351563512110586,126592.0,-0.048078213069814524
2022-09-01,88.22,-0.08423668042583721,2224.76,-0.08856726276682547,7746.01,-0.02999108924353422,22773.97,0.03197052396009425,3124.97,-0.1380504099482174,1680.78,-0.04864339614000546,18.944,-0.04034890966028426,27.34181818181818,5.172252964426878,-0.3376190476190476,-0.3521739130434782,3.5,-0.1000000000000001,3585.62,-0.09804919930362388,125.5946,0.02643750117455356,0.0294132497697053,114064.0,-0.10420962218491958
2022-10-01,90.32666666667,0.02359903407341868,2255.54,0.01374036750421759,7651.08,-0.01233105773605203,22032.89,-0.03308188013754254,2967.21,-0.05180256577407683,1664.45,-0.009763232851194736,19.426,0.0251251162785433,30.00571428571429,2.663896103896107,-0.3915,-0.3376190476190476,3.6,0.1000000000000001,3871.98,0.07683460219574201,127.4806,0.01490493667943354,-0.643997204300373,137107.0,0.18400194851177432
2022-11-01,87.37666666667,-0.0332044535092626,2350.72,0.04133225207309454,8049.86,0.05080788563032179,25562.7,0.1485979207749377,2938.92,-0.009579950444806862,1725.07,0.03577289083913815,21.018,0.07876683846326626,23.29909090909091,-6.706623376623376,-0.6125,-0.3915,3.6,0.0,4080.11,0.05235794472521427,124.8527,-0.02082955371561983,0.0471306076733624,89600.0,-0.42540632290616287
2022-12-01,78.06666666667,-0.1126651127453995,2401.69,0.02145099200243372,8375.4,0.03964413778973608,28946.81,0.1243257502316197,3129.48,0.06282468964154564,1797.55,0.0411569972677448,23.326,0.1041894048254535,21.78428571428572,-1.514805194805195,-0.6723809523809524,-0.6125,3.5,-0.1000000000000001,3839.5,-0.06078179904848824,122.2343,-0.02119494769322026,-0.592938216987782,84804.0,-0.05501260848416578
2023-01-01,80.41,0.02957538406450766,2501.82,0.04084581079914962,9037.95,0.07613354101176739,28194.61,-0.02632918304119158,3309.81,0.05602392936378919,1897.71,0.05422326946284173,23.653,0.01392133851860811,20.16904761904762,-1.615238095238094,-0.6759999999999999,-0.6723809523809524,3.5,0.0,4076.6,0.05992115787903174,119.8101,-0.02003170544353624,-0.0991750033116912,81888.0,-0.03499025151934099
2023-02-01,80.25333333333,-0.001950248548639344,2416.18,-0.03483068640210174,8936.59,-0.01127829412191161,26727.95,-0.05342099056841221,3133.84,-0.05463169626560749,1854.54,-0.02301120922971567,21.921,-0.07604487531027582,20.1205,-0.04854761904762128,-0.7868421052631579,-0.6759999999999999,3.6,0.1000000000000001,3970.15,-0.02645943030685238,120.3084,0.004150456673030287,0.458495985594909,65944.0,-0.21654656296645136
2023-03-01,76.47333333333,-0.04824620182645045,2296.42,-0.05083639205107637,8856.31,-0.009023885344081606,23288.61,-0.1377454345071847,2967.46,-0.05455272161201918,1912.73,0.03089485405463144,21.976,0.002505867315782062,21.64434782608696,1.523847826086957,-0.6395652173913043,-0.7868421052631579,3.5,-0.1000000000000001,4109.31,0.03445125384186021,120.745,0.003622437828497893,0.212042877854457,71398.0,0.07946396073780981
2023-04-01,82.46,0.07537123109378552,2343.23,0.0201789308963507,8809.42,-0.005308595808715566,23894.56,0.02568641811834027,2767.56,-0.0697403024686638,1999.77,0.04450063302130225,25.01,0.1293247960965553,17.81789473684211,-3.826453089244851,-0.5559999999999999,-0.6395652173913043,3.4,-0.1000000000000001,4169.48,0.01453619659267957,119.2451,-0.01249984503038108,-0.227086711810676,58283.0,-0.2029594021116914
2023-05-01,74.12333333333,-0.1065829547555674,2268.6,-0.03236741831106205,8217.47,-0.06955922769747502,21970.39,-0.08395518024821058,2475.7,-0.111442881267342,1992.13,-0.00382775586976436,24.267,-0.03015834218560265,17.63608695652174,-0.1818077803203657,-0.5581818181818181,-0.5559999999999999,3.6,0.2000000000000002,4179.83,0.002479248057984051,119.6293,0.003216756013143403,0.0843558069711925,83939.0,0.3647798889260532
2023-06-01,73.26333333333,-0.01167011616215863,2184.75,-0.03766149561728849,8396.52,0.02155495849073397,21233.28,-0.03412587558534064,2375.45,-0.04133629109215864,1942.9,-0.02502271581024385,23.417,-0.03565514838404971,14.00318181818182,-3.632905138339924,-0.8914285714285713,-0.5581818181818181,3.6,0.0,4450.38,0.06271890993761531,119.2969,-0.002782450936350189,-0.0400936410114738,87876.0,0.045836385303834604
2023-07-01,78.98333333333,0.0751766033844179,2159.73,-0.01151819164259393,8476.68,0.009501529415073762,21091.26,-0.006711025472348808,2404.65,0.01221746959871162,1951.02,0.004170610474756309,24.256,0.03520175514008539,13.93238095238095,-0.07080086580086586,-0.9289999999999999,-0.8914285714285713,3.5,-0.1000000000000001,4588.96,0.03066393308795945,118.0492,-0.0105138571352067,-0.37595033583433,61300.0,-0.3601468869247668
2023-08-01,84.72433333333,0.0701659891222004,2136.57,-0.01078147445156752,8349.13,-0.0151615218923471,20438.65,-0.03143102047298996,2406.72,0.0008604618342458181,1918.7,-0.01670443935976973,23.437,-0.03434803929022356,15.85391304347826,1.921532091097308,-0.7339130434782608,-0.9289999999999999,3.7,0.2000000000000002,4507.66,-0.01787524701848753,119.8564,0.01519287281903382,0.206299920052011,88376.0,0.36582059662780786
2023-09-01,92.22,0.0847741779109139,2184.67,0.02226304796177381,8276.71,-0.008711795377319476,19644.64,-0.03962318861866798,2495.5,0.03622428527162569,1915.95,-0.001434290207157574,23.101,-0.0144400635356865,15.17333333333333,-0.6805797101449276,-0.643,-0.7339130434782608,3.7,0.0,4288.05,-0.04994608771197129,121.6455,0.01481671763855628,-0.0079917696132136,143368.0,0.48381431167111444
2023-10-01,89.08366666667,-0.034601023733698,2192.21,0.003445380023541667,7937.18,-0.04188749799484448,18281.23,-0.07192967715446841,2448.56,-0.01898901326867364,1916.25,0.0001565680291282234,22.379,-0.03175288750103311,18.88772727272727,3.71439393939394,-0.2695238095238096,-0.643,3.9,0.1999999999999997,4193.8,-0.02222483997777225,123.4971,0.01510659683430066,-0.021412757459971,179488.0,0.22469360208483913
2023-11-01,81.35433333333,-0.09076190302553577,2202.26,0.004573938391322585,8189.59,0.03130578711631138,17027.36,-0.07105338830873542,2543.61,0.03808423518029436,1984.11,0.03480029967024389,23.488,0.04836663329908708,14.01909090909091,-4.868636363636362,-0.3795238095238095,-0.2695238095238096,3.7,-0.1999999999999997,4567.8,0.08542444438757713,121.2221,-0.01859327376392342,-0.0020619556956202,178472.0,-0.005676627155578373
2023-12-01,75.71933333333,-0.0717805780839722,2182.43,-0.009045170901156752,8399.94,0.02536072740479334,16460.84,-0.03383723535210414,2502.39,-0.01633805664196064,2026.18,0.02098179602068395,23.878,0.0164678804910916,12.7185,-1.300590909090909,-0.437,-0.3795238095238095,3.8,0.09999999999999964,4769.83,0.04327897629406863,119.8331,-0.0115244589047524,0.114013146686354,174247.0,-0.023957893320677215
2024-01-01,77.67233333333,0.02546560167403289,2192.82,0.004749451816856265,8338.88,-0.007295648179960423,16103.83,-0.02192709485533406,2515.42,0.005193512423828039,2034.04,0.003871716221568455,22.916,-0.04112217637686522,13.38863636363636,0.6701363636363631,-0.2647619047619048,-0.437,3.7,-0.09999999999999964,4845.65,0.01577073041880084,120.2274,0.003285008192379689,-1.55283081645085,157193.0,-0.10299948310810869
2024-02-01,80.548,0.0363541564067722,2179.46,-0.006111247029016553,8304.95,-0.004077192209114955,16338.46,0.01446470584602011,2360.09,-0.06374003371741921,2023.24,-0.00532377627786218,22.657,-0.01136650159101427,13.98047619047619,0.5918398268398253,-0.3365,-0.2647619047619048,3.9,0.1999999999999997,5096.27,0.050427504326926,121.0659,0.006950075905200788,0.657598657448988,131904.0,-0.1753999644735682
2024-03-01,83.54566666667,0.03654010852963196,2226.16,0.02120098838331774,8689.13,0.04522109661311369,17438.83,0.06517749133014128,2461.04,0.0418842709287004,2158.01,0.06448631390698178,24.518,0.0789386867174855,13.7875,-0.1929761904761893,-0.3795,-0.3365,3.9,0.0,5254.35,0.03054740535841205,120.6588,-0.003368297777543109,0.0458125091222339,112513.0,-0.1590056147439931
2024-04-01,88.01133333333,0.05207220551871838,2506.1,0.1184496318295789,9464.43,0.0854677417871752,18163.95,0.0407395314598471,2732.74,0.1047207440352791,2331.45,0.07730389086937617,27.494,0.1145602573764259,16.13772727272728,2.350227272727276,-0.334090909090909,-0.3795,3.9,0.0,5035.69,-0.0425057474599928,122.1428,0.01222412438276457,-0.0053297860829748,119761.0,0.06242931958590958
2024-05-01,81.445,-0.0775376482549408,2564.54,0.02305136540034702,10139.33,0.06888136005147238,19586.98,0.07542619925239791,2959.13,0.07959053734684396,2351.13,0.008405672033192424,29.36,0.06566540469708615,13.05869565217391,-3.079031620553362,-0.3740909090909091,-0.334090909090909,3.9,0.0,5277.51,0.04690383807881382,121.8583,-0.00233195775696532,0.0655881481918863,109394.0,-0.09054204623299711
2024-06-01,81.205,-0.00295112418300203,2497.61,-0.02644485069321423,9648.17,-0.04965366096753243,17498.01,-0.1127778996088757,2809.19,-0.05199912065033452,2326.44,-0.01055686149109203,29.577,0.0073638285146993,12.667,-0.3916956521739134,-0.431578947368421,-0.3740909090909091,4.1,0.1999999999999997,5460.48,0.03408230240557053,123.7095,0.01507718086800587,0.063113279281235,144969.0,0.2815638825832085
2024-07-01,83.25866666667,0.02497540591967518,2349.13,-0.06128922777025991,9385.31,-0.02762255913568445,16334.88,-0.06878446134090943,2777.27,-0.01142775474206026,2398.2,0.03037925380621598,29.773,0.006604910279310428,14.37391304347826,1.706913043478263,-0.2472727272727273,-0.431578947368421,4.2,0.1000000000000005,5522.3,0.01125774219353559,123.3824,-0.002647599464611963,-0.32801565278272,214539.0,0.3919716135628448
2024-08-01,78.121,-0.0636933208004411,2343.67,-0.002326970023750263,8971.96,-0.04504154259281812,16292.12,-0.00262114349964726,2714.08,-0.02301539305674893,2470.15,0.0295604215777141,28.53,-0.04264577731491581,19.31227272727273,4.938359683794465,-0.09454545454545454,-0.2472727272727273,4.2,0.0,5648.4,0.02257787903874053,122.6137,-0.006249712918596315,0.227344646190719,298340.0,0.3297422357028168
2024-09-01,72.42433333333,-0.07571656805743299,2449.92,0.04433729414159338,9237.48,0.02916496285075354,16076.74,-0.01330804845861167,2837.02,0.04430116773697712,2570.55,0.03984100625192166,30.131,0.05459837687815572,17.66333333333333,-1.648939393939393,0.101,-0.09454545454545454,4.1,-0.1000000000000005,5762.48,0.01999561838794861,121.8849,-0.005961605984710574,-0.427509036871809,309726.0,0.03745425994140206
2024-10-01,73.97066666667,0.02112627953363155,2595.58,0.05775462742538995,9533.99,0.03159418672036374,16765.8,0.04196759036215525,3105.77,0.09050746625701844,2690.08,0.04545104915565013,32.416,0.07309758596270877,19.96086956521739,2.29753623188406,0.1231818181818182,0.101,4.1,0.0,5705.45,-0.00994607922055124,123.5953,0.01393536162241847,0.255551286408151,287728.0,-0.07367244624434477
2024-11-01,72.29166666667,-0.0229597561889392,2582.19,-0.005172122303414461,9075.73,-0.04925949021730425,15723.06,-0.06421267269428732,3004.2,-0.03325036217745492,2651.13,-0.01458496874509052,31.094,-0.04163725353872394,16.0152380952381,-3.945631469979297,0.09842105263157895,0.1231818181818182,4.2,0.1000000000000005,6032.38,0.05571976768852771,126.3113,0.02173697646068957,-0.434162273757888,271785.0,-0.05700427686666032
2024-12-01,72.311,0.0002673994040485184,2541.02,-0.0160723008602508,8916.32,-0.01772051227363391,15444.89,-0.017850220247281,3034.16,0.009923305616540645,2648.01,-0.001177549700714486,30.764,-0.01066969933274153,15.86619047619048,-0.1490476190476198,0.1657142857142857,0.09842105263157895,4.1,-0.1000000000000005,5881.63,-0.02530769168983404,127.5758,0.009961202880149412,0.586117231036365,270928.0,-0.0031582096331970178
2025-01-01,78.162,0.07780733450637367,2573.4,0.01266240654473894,8991.41,0.0083863717062016,15394.14,-0.003291286776057945,2818.96,-0.07356659259592746,2709.69,0.0230258227018556,30.411,-0.01154079012643505,16.76363636363637,0.8974458874458886,0.3571428571428572,0.1657142857142857,4.0,-0.09999999999999964,6040.53,0.02665782206238276,128.8369,0.00983656557140456,-0.412161761494756,261651.0,-0.03484154821258656
2025-02-01,73.819,-0.0571674448977566,2657.6,0.03219547810814127,9330.6,0.03702964435356293,15288.09,-0.006912823632339027,2800.14,-0.00669860667122979,2894.73,0.06605760522234139,32.152,0.05567027207852737,16.968,0.2043636363636345,0.2410526315789474,0.3571428571428572,4.2,0.2000000000000002,5954.5,-0.01434452021551991,127.8758,-0.007487782961160655,0.957059971859398,256653.0,-0.01928657670168299
2025-03-01,70.70133333333,-0.04315171929231454,2658.29,0.0002595990526046421,9739.68,0.0429089414320778,16065.69,0.04961184826819753,2889.29,0.0313413812696739,2983.25,0.03012146784075398,33.188,0.03171370765513926,21.84142857142857,4.873428571428573,0.3104761904761905,0.2410526315789474,4.2,0.0,5611.85,-0.05926680278196983,126.243,-0.01285085928794943,0.592779144279154,235107.0,-0.08768424834192956
2025-04-01,65.905,-0.07025012058898206,2371.6,-0.114118226078423,9176.8,-0.05952970292036674,15113.29,-0.06111145297725962,2621.55,-0.09724505130253025,3217.64,0.0756348613174076,32.225,-0.02944581597678786,31.96619047619047,10.1247619047619,0.5014285714285714,0.3104761904761905,4.2,0.0,5569.06,-0.007654154967354998,124.1402,-0.01679704900528514,-0.58199934549642,209021.0,-0.11760600428069701
2025-05-01,62.74866666667,-0.04907698171820485,2448.79,0.03202919215685274,9532.98,0.03807880554886545,15345.79,0.01526668013237398,2644.37,0.008667105786107854,3309.49,0.02814592738276822,32.763,0.01655728105844956,20.46227272727273,-11.50391774891774,0.5038095238095238,0.5014285714285714,4.3,0.09999999999999964,5911.69,0.05970546807055932,122.3422,-0.01458953574449184,-0.187164423065467,178225.0,-0.15938792838239557
2025-06-01,69.14666666667,0.09709252311612371,2525.96,0.03102716348224455,9835.07,0.0311972037196302,15003.11,-0.0225836563691697,2654.65,0.003879967577546495,3352.66,0.01295996164499158,36.005,0.09435798781712945,18.40333333333334,-2.058939393939394,0.4945000000000001,0.5038095238095238,4.1,-0.2000000000000002,6204.95,0.04841561405922867,120.5939,-0.01439333374130216,0.522832098193704,113399.0,-0.45213422409107373
2025-07-01,69.19033333333,0.0006313085885958358,2606.37,0.03133726018031524,9770.58,-0.006578739556481139,15034.02,0.002058120127379937,2762.56,0.03984496680302296,3340.15,-0.003738344452976605,37.698,0.04594922494803466,16.38130434782608,-2.022028985507252,0.5095454545454546,0.4945000000000001,4.3,0.2000000000000002,6339.39,0.02143518870280303,120.1127,-0.003998233875044396,0.158464944894776,114715.0,0.011538218609507211
2025-08-01,66.71766666667,-0.03639137573432016,2597.34,-0.003470604266544441,9669.56,-0.01039302281814791,14949.25,-0.005654501718140637,2789.15,0.009579103851912407,3368.03,0.00831228754401181,38.185,0.01283572569148239,15.75,-0.6313043478260845,0.5609523809523809,0.5095454545454546,4.3,0.0,6460.26,0.01888701535343351,120.5758,0.003848132099954182,-0.57290319789054,154438.0,0.29734192977710805
2025-09-01,66.457,-0.003914663442807331,2653.32,0.02132384164598466,9983.79,0.03197997087322868,15105.64,0.01040705266298403,2932.96,0.05027526207198463,3667.68,0.08523130588139871,42.816,0.1144690961654162,15.78909090909091,0.03909090909090907,0.5519047619047619,0.5609523809523809,4.4,0.1000000000000005,6688.46,0.03471408865886438,120.0291,-0.004544387423910668,0.733760754442869,151270.0,-0.020726401725125854
2025-12-01,60.88,-0.02363974181710748,2875.53,0.01983350903664327,11785.25,0.08618934646482934,14883.99,0.01442905977341447,3167.87,-0.002827554285794065,4309.23,0.05290154149402859,62.342,0.2120094617194104,15.54818181818182,-4.221318181818182,0.6422727272727273,0.543888888888889,4.4,-0.09999999999999964,6845.5,-0.0005242946422256978,120.1883,-0.01017698741619077,0.0172770166816383,161171.0,0.11080709536263456
